source1_entity_id	candidate_entity_ids
S1-156285671	S2-172049742,S3-871416040,S3-788875930,S3-656500195,S3-339493107,S2-648730048,S2-180394702,S3-672973403,S3-738587982,S2-656542167,S2-489888310,S2-564134501,S2-778144852,S2-852388616,S2-277373510,S3-552335449,S3-383429226,S3-955605367,S3-222824861,S2-618999453
S1-921369899	S2-808920974,S3-57594330,S3-285097097,S2-107533354,S3-974282260,S3-779830725,S2-428151562,S2-995426671,S2-538039183,S3-593258362,S3-996259584,S3-860545195,S2-402195620,S2-393141001,S2-587876666,S2-295089656,S2-215473294,S3-135335429,S2-476451856,S2-560336283
S1-913506265	S2-377106401,S3-258414643,S3-388866191,S3-739817217,S2-813184149,S2-920198870,S3-216080339,S2-833903991,S3-867591530,S2-242544144,S2-684770045,S2-960312530,S2-64404652,S2-232732595,S3-64939313,S3-815373696,S3-449954828,S3-882646335,S2-70542193,S3-423541447
S1-628750886	S2-406813553,S3-734992856,S3-361673112,S2-696378102,S3-159214046,S2-98924716,S2-724882944,S2-281606094,S3-741136179,S2-921384396,S3-183021162,S2-652572059,S3-737550020,S3-486086895,S3-747524539,S3-503690514,S3-253215318,S3-953969676,S3-346633300,S2-294013138
S1-466641145	S2-429202647,S3-652998887,S3-588464117,S2-962822836,S2-521184438,S2-172816655,S2-872012828,S3-727489229,S3-101585900,S3-60689097,S3-178540559,S2-539872823,S2-159537242,S2-905077088,S3-87070721,S3-248430087,S3-361831265,S3-639310727,S3-315026657,S3-30195539
S1-385801270	S3-408897982,S3-614218588,S3-355553585,S2-43556162,S2-947193015,S3-462433148,S3-418932116,S3-512186982,S2-407687326,S3-459890176,S3-21616272,S3-597496634,S3-964572346,S3-519201885,S2-411825528,S2-314449816,S3-458628229,S2-583493171,S2-606191797,S2-730551233
S1-717749279	S2-768360552,S3-178555200,S2-51053506,S3-206088667,S3-87918416,S2-475800989,S3-926674871,S2-328031147,S2-603595015,S2-941575394,S2-161644702,S2-265961242,S2-685602578,S3-839563699,S3-813645173,S2-802587863,S3-247447724,S2-927950224,S2-793049541,S2-371891431
S1-616465752	S2-324066161,S3-743384209,S2-399201945,S2-486021944,S3-166504122,S3-221230772,S3-170289036,S3-552464660,S2-303552511,S3-418621775,S3-189559074,S3-405216570,S2-463457972,S3-648243000,S3-973026633,S2-484115904,S2-499674274,S2-735965263,S2-878479996,S2-364491622
S1-261476747	S3-255859609,S2-300243886,S2-969569602,S3-449183302,S3-937554281,S2-185509246,S2-727487726,S2-675029983,S3-567224777,S2-88717561,S3-414418018,S2-850461049,S2-16927298,S3-36348737,S3-996363638,S3-932799041,S3-429710829,S3-383973584,S2-357023357,S2-659013331
S1-969300060	S3-986110458,S2-549617192,S3-835980117,S3-344702020,S2-895835956,S2-38334586,S2-215637140,S2-933956223,S2-542555694,S2-636196507,S3-844001371,S2-263418703,S2-132672036,S2-782471216,S2-328633292,S2-947648836,S2-678802492,S2-832186775,S2-963669214,S3-337906573
S1-295346696	S3-301426122,S2-567366590,S2-621745304,S3-281922741,S3-702465430,S3-49314187,S2-377674830,S3-951161173,S3-553489125,S2-504019177,S2-237331617,S3-191026306,S2-908324923,S2-840176819,S2-962353917,S2-989315344,S2-220436778,S2-657917529,S2-783735531,S2-772745833
S1-81033582	S2-625290267,S2-75450184,S2-449312149,S3-416587090,S2-714673873,S2-849938937,S2-702952219,S2-548452499,S2-450426514,S3-908319231,S3-711332877,S3-39755743,S3-82178075,S2-628360071,S2-270220553,S2-689200094,S3-220852458,S3-602013602,S3-336601918,S3-342349782
S1-776267063	S3-750193026,S2-717184067,S2-455205203,S3-602223446,S3-406672512,S2-810427923,S2-945034733,S2-685540290,S2-799525755,S2-607144922,S2-712772587,S2-159066188,S2-733260575,S2-408559711,S2-187064976,S2-946774147,S2-759731717,S3-363866030,S3-336051533,S3-64050253
S1-457973373	S2-155002316,S2-256152977,S2-571231650,S3-719514673,S2-132606491,S2-470874096,S2-765373672,S2-314420154,S2-938022330,S2-825552474,S2-516256500,S3-200183523,S2-574003562,S2-85932707,S2-46005090,S3-805364142,S3-924106361,S3-282999494,S2-597171300,S3-111929408
S1-273768056	S3-690125736,S2-763322790,S3-16275066,S3-526615781,S2-838127786,S2-82906936,S3-411522901,S2-966333583,S2-484299923,S2-56087060,S3-255318423,S3-426814503,S3-155652645,S3-70886547,S3-415932778,S3-316279117,S2-447759652,S3-197371361,S2-310705217,S2-441536418
S1-351656683	S2-835954210,S2-788301924,S2-68717527,S3-833698271,S2-877324606,S3-977956594,S2-451088863,S3-546608198,S3-798145472,S3-404173044,S3-862672730,S2-687740233,S2-126330664,S3-355195756,S3-464174502,S3-856137343,S3-191386423,S3-481401419,S3-699307655,S3-28997175
S1-83258310	S2-527562969,S2-97347354,S3-770651045,S3-145426604,S3-391666079,S3-392357195,S3-984831837,S3-785435518,S3-836423794,S3-394334787,S2-42211027,S2-103681887,S2-303700522,S2-361685931,S2-634211869,S3-841921775,S3-208946212,S3-476667739,S3-234866034,S3-191155147
S1-383508132	S2-44875347,S2-609534536,S2-331990122,S3-410099523,S2-241655324,S2-763978983,S2-569670995,S3-167909789,S3-997214536,S3-396387235,S2-774498130,S2-806933115,S3-129001250,S2-45301433,S2-507482255,S2-804725523,S2-972138640,S2-688724647,S2-821695961,S3-630764522
S1-960747316	S3-22960445,S3-374035710,S3-316989129,S3-811911602,S3-603392866,S2-517236620,S3-658472900,S2-837676330,S2-633872859,S2-968962419,S2-117160863,S2-721283758,S2-265920558,S2-217598172,S2-64400235,S2-640430338,S2-389558012,S2-97465101,S2-766970674,S2-804770248
S1-345501851	S2-617679794,S2-212834292,S3-526884354,S2-21007600,S3-888503061,S3-38233859,S3-705703137,S2-633407469,S2-970577969,S3-693251474,S2-354901294,S3-472568337,S2-57444749,S3-319121092,S3-157855902,S2-92148063,S2-617613709,S2-858233763,S2-798856591,S2-315945975
S1-548433616	S2-615586385,S3-11519900,S3-317330782,S2-580499195,S2-805510613,S3-504953347,S2-637903736,S2-674373740,S2-884606824,S2-437878341,S2-128973752,S2-472109755,S3-405738489,S3-45348121,S3-796995656,S3-911270346,S3-422339335,S3-220034626,S3-807581551,S3-527177387
S1-396150929	S3-298471532,S2-194451194,S3-408245839,S2-969667416,S2-389123471,S2-329200190,S2-59561526,S2-577480761,S2-823307685,S3-594063276,S3-299523207,S3-143598831,S3-863062553,S3-341441145,S3-466045523,S3-822843650,S3-147101382,S3-321000503,S2-837892122,S2-653152768
S1-261642209	S2-600368334,S2-964573270,S2-613574387,S3-730504703,S2-595205134,S2-911022552,S3-411213661,S3-232931326,S3-608854488,S2-266460690,S2-785184784,S2-384500832,S2-442089165,S2-637903375,S2-13546907,S2-910973310,S2-96475071,S2-74648006,S3-981567904,S3-91085396
S1-720336913	S2-264383023,S2-162555863,S3-209882281,S3-24123387,S2-261824604,S2-557042829,S2-131950383,S3-747831156,S3-364234334,S2-369665104,S3-784344452,S2-911524639,S2-389711749,S2-730671844,S3-532565445,S3-594587438,S3-734246091,S3-821339849,S2-146120559,S3-624612522
S1-142638295	S2-237661324,S2-461729876,S2-899123465,S3-868858044,S2-420700417,S2-556660179,S3-590626095,S3-869189473,S2-736300655,S3-330057525,S3-521459906,S3-653364893,S2-64210090,S2-141135666,S3-268589562,S3-11611448,S3-619289822,S2-390581817,S2-3034400,S2-941456053
S1-819898451	S2-283043147,S2-931592802,S2-451738770,S3-337186313,S3-826899359,S3-919732384,S2-609157779,S2-96778619,S2-564718572,S2-237962325,S3-86970259,S3-590916733,S2-576642334,S2-365969672,S2-791625624,S2-579769475,S2-940838439,S3-376020883,S3-696501443,S2-997672254
S1-527611593	S2-446688351,S2-231046783,S2-21640846,S2-626821575,S2-292764127,S2-89317233,S2-606037572,S3-179252750,S3-962627699,S3-518249250,S2-343213833,S2-746611377,S2-476699128,S2-793159007,S2-580906610,S2-344691996,S2-690975452,S2-380293266,S2-815819723,S2-464668019
S1-615018738	S2-693064683,S2-110661751,S2-501408343,S3-263733579,S2-550750109,S2-40337007,S3-688941244,S2-746177171,S2-963688585,S3-312554678,S2-148140680,S2-357223890,S2-161929367,S2-546425852,S3-151636683,S2-590549193,S2-543748689,S2-510318884,S2-506425291,S2-8440963
S1-682391735	S2-526071240,S3-965393503,S2-596623042,S2-646773323,S2-666330636,S3-624429709,S3-88844241,S2-9003624,S2-712470603,S2-199298939,S3-629813561,S3-319133990,S3-898745119,S3-938141320,S3-519376659,S2-740713216,S2-40261539,S2-122818224,S2-377684049,S2-217436653
S1-693956169	S3-592419390,S3-202856170,S2-260973802,S2-27080238,S3-881912667,S2-917179719,S2-823854519,S2-908572167,S2-272146504,S2-140168490,S2-697558826,S2-127733269,S2-4611288,S2-242790395,S2-456817125,S2-931748164,S2-715039935,S2-703342506,S2-600013732,S2-702807525
S1-837916944	S2-298100855,S3-904722267,S2-803729233,S3-128827868,S2-583392216,S3-296834043,S2-845258549,S3-958213312,S3-207418970,S2-3125899,S3-115211708,S3-62346512,S3-968042624
S1-17003766	S2-653673342,S2-898435665,S3-883709464,S2-341012712,S3-68837364,S2-558972128,S2-161594347,S2-365194406,S3-714994502,S3-123488718,S2-470846613,S2-908541337,S2-69490116,S2-688506715,S2-540558093,S2-347431439,S2-383424910,S2-970492834,S3-468789830,S3-4723459
S1-667272642	S2-361863238,S2-361038008,S3-288436621,S3-55740097,S2-215074918,S3-318683937,S2-91368041,S2-921728844,S3-943432159,S3-307751871,S2-303298605,S2-458551433,S2-32220294,S2-604372673,S2-486558620,S2-57344552,S2-752196674,S2-502604921,S2-658318863,S2-488546015
S1-827961773	S2-614356206,S2-776909608,S3-449101992,S3-666859234,S2-963791726,S3-754125041,S2-965689853,S3-211776081,S3-146526145,S2-947560606,S2-165944003,S2-813785453,S2-69838078,S2-394155310,S2-497942892,S2-924357613,S2-266638536,S2-118930408,S2-916382009,S2-302325605
S1-418524279	S3-632154667,S2-819675810,S2-337652709,S3-765302009,S3-732108958,S2-722100934,S2-863536320,S2-42129313,S3-19393151,S2-881622671,S2-992947431,S2-377749987,S3-808144340,S3-226648281,S2-902584633,S3-390935781,S2-447456175,S2-621555604,S2-293160541,S3-550561610
S1-784673398	S2-442684553,S3-72841455,S2-413804324,S3-933859987,S3-893149548,S2-9188947,S2-170119272,S2-717736070,S2-396921219,S2-464860434,S2-176599160,S2-734528278,S3-300399101,S3-973576585,S3-298281628,S2-413351910,S2-597784208,S2-340669521,S2-460741974,S2-529594334
S1-889012090	S3-358512104,S2-620204661,S2-223338709,S3-265734095,S3-98322529,S3-53195778,S3-407148575,S3-201417243,S3-70505823,S3-27296124,S3-266229549,S3-37717906,S2-783378478,S2-894383190,S2-128214363,S2-719155751,S2-551278698,S2-23223643,S3-976968239,S3-192795625
S1-655802552	S3-494393611,S2-661143069,S2-112263683,S2-780203637,S3-231033521,S2-617044084,S2-131847971,S3-443746864,S3-31967563,S3-973852126,S2-156326026,S3-4888346,S2-956786107,S2-359891576,S2-583040257,S2-72735080,S2-225425065,S2-328986168,S2-896496464,S2-542558611
S1-788563249	S2-805916277,S3-875372938,S3-136073159,S3-307943806,S3-868709516,S2-830511632,S2-651454049,S3-338713702,S3-589492252,S2-404843583,S2-579488589,S3-500577246,S2-592883143,S2-672190176,S2-474289159,S2-332531836,S2-819314017,S2-855387391,S2-50441703,S2-54671549
S1-276402071	S3-286516942,S2-744945916,S2-212775286,S3-567877126,S2-666409323,S2-265984025,S2-519954598,S2-864807771,S2-803452371,S2-495932027,S2-928210598,S2-151727350,S2-23898646,S2-770222561,S2-679853227,S2-743986971,S2-489173239,S2-147286927,S2-543550069,S2-306850068
S1-936869465	S3-278512090,S2-876971794,S2-211051743,S3-900482090,S3-491761752,S2-178251913,S2-86513354,S2-585835744,S2-481768720,S2-324857891,S2-700198580,S2-402619669,S2-646464557,S3-822561878,S3-576110191,S3-653565210,S3-49413328,S2-611571043,S3-946660152,S3-274636102
S1-133928599	S2-168720522,S3-64705216,S3-157372672,S3-176102746,S2-616977053,S2-121598994,S3-131573383,S3-472886450,S2-353323377,S3-437933966,S2-653400877,S2-345052235,S2-391452725,S2-880930038,S2-360912187,S2-358668736,S2-848095794,S2-66573385,S3-864324862,S3-909991645
S1-871112769	S2-851055500,S2-561370006,S3-36920381,S3-49471210,S2-576827944,S3-966213556,S3-388348869,S3-378971703,S3-853814892,S3-346964410,S3-291744356,S3-994904073,S2-10891446,S3-330223271,S2-326112840,S2-279016774,S2-517267312,S2-741892126,S3-778724194,S3-342024117
S1-857992844	S3-996390266,S3-159487450,S2-293613144,S2-3663672,S3-782180487,S3-535290704,S3-380348730,S2-13303732,S2-798577310,S3-670047922,S3-221371106,S3-95051777,S3-608016940,S2-110831306,S3-570743785,S2-631410128,S2-148253849,S2-584498852,S2-941486668,S2-700090038
S1-197043206	S3-404963448,S3-192291597,S3-777728638,S2-122580890,S3-380201505,S2-632410359,S3-389175645,S3-360684244,S3-674420288,S2-265926799,S2-157720229,S3-81886957,S3-537333256,S3-833033422,S3-839281008,S2-198814055,S2-772752246,S3-728519579,S2-711037737,S2-714715051
S1-868105169	S3-58791393,S3-596477446,S2-294323222,S2-15764967,S3-638564733,S3-828387821,S3-130118461,S2-968505057,S2-294874898,S2-520805501,S2-902207675,S3-335272018,S3-915011484,S3-128843418,S3-25927102,S2-795787378,S2-44516375,S3-925137892,S2-316173468,S2-353328377
S1-962993818	S2-306242416,S3-88886836,S3-503847549,S2-954784471,S3-462909126,S3-656537569
S1-608940471	S3-294522941,S3-630874449,S3-781591439,S2-554462947,S3-160033326,S3-175761018,S2-98599257,S2-877554339,S2-898548934,S2-33394304,S3-407178543,S3-170370805,S2-371532259,S2-927957093,S2-416097879,S2-826649126,S2-524716826,S2-819035021,S2-993204707,S2-166254267
S1-907329636	S2-539670103,S2-458961697,S2-755138518,S3-496532988,S2-529514881,S2-780268114,S3-906633346,S2-876889991,S2-217389041,S2-549615138,S2-494690085,S2-918705389,S2-349847855,S2-675959938,S2-378146483,S2-452145121,S3-830404277,S3-285932507,S3-97473740,S3-18071366
S1-545791724	S3-688615955,S2-316950910,S2-963206254,S2-546150844,S2-955980438,S2-526316131,S3-975451003,S2-348542772,S3-245446283,S2-32977147,S2-281268162,S2-977543914,S2-131518848,S2-371865703,S2-631656579,S2-988749895,S2-769234481,S2-660736708,S2-562125311,S2-791514797
