source1_entity_id	matched_entity_ids
S1-156285671	S2-172049742,S3-788875930,S2-648730048,S3-871416040,S3-339493107
S1-921369899	S3-57594330,S2-808920974,S2-995426671,S3-285097097,S3-779830725,S2-107533354
S1-913506265	S2-377106401,S3-258414643,S3-388866191
S1-628750886	S2-406813553,S3-734992856,S2-696378102,S3-361673112,S3-159214046
S1-466641145	S3-652998887
S1-385801270	S3-614218588
S1-717749279	S2-768360552,S3-178555200,S2-51053506,S3-206088667
S1-616465752	S2-324066161,S3-743384209
S1-261476747	S3-255859609,S2-300243886,S2-969569602,S2-727487726
S1-969300060	S3-986110458,S2-549617192
S1-295346696	S2-567366590
S1-81033582	S2-625290267
S1-776267063	S2-810427923,S3-750193026,S2-455205203
S1-457973373	S2-155002316,S3-719514673
S1-273768056	S3-690125736,S2-763322790,S2-82906936,S3-526615781,S2-838127786,S3-16275066
S1-351656683	S2-835954210,S2-788301924,S3-977956594
S1-83258310	S2-97347354,S2-527562969,S3-770651045,S3-391666079
S1-383508132	S2-44875347,S2-609534536
S1-960747316	S3-22960445,S3-374035710,S2-517236620,S3-316989129
S1-345501851	S3-526884354,S2-617679794,S2-212834292
S1-548433616	S2-615586385,S3-11519900,S2-580499195,S3-504953347
S1-396150929	S2-194451194
S1-261642209	S2-600368334,S2-964573270,S2-613574387
S1-720336913	S3-209882281,S2-162555863,S2-264383023,S3-24123387
S1-142638295	S2-237661324,S2-461729876
S1-819898451	S2-931592802,S2-283043147,S2-451738770,S3-337186313,S3-826899359
S1-527611593	S2-446688351
S1-615018738	S2-693064683,S2-110661751,S3-263733579,S2-501408343
S1-682391735	S2-526071240,S3-965393503
S1-693956169	S3-202856170,S3-592419390,S3-881912667,S2-260973802,S2-27080238
S1-837916944	S2-298100855,S3-296834043,S2-583392216,S3-904722267
S1-17003766	S3-883709464,S2-653673342,S2-898435665
S1-667272642	S2-361863238,S2-361038008,S3-55740097
S1-827961773	S2-614356206,S3-666859234,S2-776909608,S3-449101992,S3-754125041
S1-418524279	S3-19393151
S1-784673398	S3-72841455,S2-442684553,S3-933859987
S1-889012090	S3-358512104,S3-265734095,S2-620204661,S2-223338709
S1-655802552	S3-494393611,S2-661143069
S1-788563249	S2-805916277,S3-136073159,S3-868709516
S1-276402071	S3-286516942,S3-567877126,S2-744945916,S2-212775286
S1-936869465	S3-278512090,S2-876971794,S2-211051743
S1-133928599	S2-168720522,S3-157372672
S1-871112769	S2-851055500,S2-561370006,S3-36920381,S3-49471210
S1-857992844	S3-996390266,S3-159487450,S3-782180487,S2-293613144
S1-197043206	S3-404963448,S3-192291597,S2-632410359,S3-777728638
S1-868105169	S3-58791393,S3-596477446,S2-294323222
S1-962993818	S2-306242416,S3-88886836,S3-503847549
S1-608940471	S3-294522941,S3-630874449
S1-907329636	S2-539670103,S2-458961697,S2-755138518,S3-906633346
S1-545791724	S3-688615955
S1-923121813	S3-261186490,S2-747887977
S1-901881022	S2-829201391,S2-563621915,S2-397328817
S1-960221997	S3-2003041,S2-446636983,S3-282611314,S2-137559574,S3-605347652
S1-657028371	S3-67555623,S2-438843768,S2-998699940,S2-552819796
S1-991838189	S2-511172751,S2-525090644,S3-637886771,S3-332214197
S1-860794391	S2-737047278,S3-47861323,S2-623800632
S1-225821819	S3-463570639,S2-79048222,S2-396817729,S3-460876561,S2-998779374,S3-27361634
S1-333194875	S3-363368257,S2-844884966,S2-172171876,S3-399657159,S3-872164839
S1-568320501	S3-669726840,S3-681563697,S2-665104789,S2-394456858,S2-484886496,S3-624225983
S1-311511012	S2-874954820
S1-155512047	S2-551192969,S2-980590908,S2-878176240,S2-994210922,S3-549548076
S1-80873383	S3-431093437,S3-792509030,S3-992155952,S3-646665112,S2-865167437
S1-445143782	S3-519684761,S2-690616500,S2-556544936,S2-867585785
S1-254586049	S3-866781987,S3-332845606
S1-966492570	S2-152194607,S3-318227191,S3-569451641
S1-603731465	S3-273405887,S2-3337466,S2-845751315,S3-743622475,S3-664461935
S1-497232093	S3-103111775,S2-784507382,S3-991632549,S2-240364786,S2-894674584,S2-713326775
S1-89928972	S2-398401791,S3-24238944
S1-634733706	S3-205718926,S2-297180999
S1-518999749	S2-190531136,S3-632061363
S1-852777299	S3-62311680,S3-346024603
S1-817055009	S3-736390072,S2-606582843
S1-948206127	S2-651166319,S2-709050360,S3-504217888,S2-685122301
S1-230616179	S2-256241077,S2-241176698,S3-712100070,S2-153505197
S1-202627015	S3-314308120,S3-521020982,S3-212987915
S1-479368587	S2-209101791,S3-849279643,S2-251633904
S1-445413591	S2-11818511,S3-8636915,S2-577246493
S1-631634336	S3-949838627,S3-904005280,S3-588379284,S2-872608136
S1-211227284	S3-426725428,S3-699543799
S1-537057658	S3-49269246,S3-260548621,S3-227194271
S1-495431862	
S1-989458781	S2-39962761,S2-762814298,S3-73682083
S1-943866501	S3-777185824,S2-925168059,S2-820926041
S1-634708855	S3-947687449,S3-266149496
S1-527616111	S2-260263864,S2-591343801,S3-648529287,S2-575491460,S3-507031957
S1-269743554	S3-367761629,S2-729818710,S3-673551092
S1-476233101	S3-254142731,S3-519788629,S3-219643345,S2-626271021,S2-411037369
S1-253986339	S2-224102682,S2-646018702
S1-335922295	S2-788697479,S2-712854736,S3-947918475,S2-171764216,S3-878548584
S1-379378394	S2-901543914,S3-466289518
S1-371172270	
S1-370040082	S2-200354794,S2-790905861
S1-749190987	S3-668924095,S3-995036409
S1-533947051	S2-336673941,S3-304877707,S3-880742398,S3-245497840
S1-13451015	S3-833167002,S3-395168751,S2-594361330
S1-725672126	S2-773741389,S2-550315638,S3-632481830,S2-867414471
S1-162695461	S3-177223520
S1-648022940	S3-980111933,S3-953161217,S2-469981947,S3-799573268
S1-807531920	S2-9284804,S3-527086982,S3-211547251
S1-240414034	S2-334267253,S3-252977477,S3-383492855
S1-518221826	S2-755763824,S3-519534808,S2-35779504,S3-102493433,S3-371534378,S2-648861555,S2-244071223
S1-578070457	S3-294311434,S2-376462529,S3-294093770,S2-846405443
S1-377942865	S2-764652743,S3-229340593
S1-993829678	S2-420016120,S3-180776940,S2-769571546
S1-168402024	S3-284046171,S3-152839170
S1-533988643	S2-92851629,S3-51652890,S3-88429195,S2-446713549,S3-19578201
S1-683869141	S3-172672302,S2-397392336,S2-357309039,S2-924633488,S3-736735912,S2-647914006
S1-137870529	S2-130309662,S3-587236626,S3-189063698
S1-149411806	S2-563697388,S3-676886341,S2-238743567
S1-272127430	
S1-473952711	S2-982596046
S1-221315364	
S1-513599911	S2-723063286,S2-922373960,S3-499529172
S1-387016214	S3-775523582,S2-162670424
S1-976424391	S2-7255293,S2-665347227
S1-407721399	S3-57700056,S2-356029080,S3-698222925
S1-200079725	S2-18812099,S2-419074899,S3-492438082
S1-264694687	S3-724878495,S2-460722696,S3-763121272,S3-243933528
S1-230813348	S2-183787221,S2-499499588,S3-417153361,S3-584975995,S2-714006641,S2-847362396
S1-736800651	S3-711655000,S2-101547600,S2-691762250
S1-308849584	S3-911948966,S3-662534378,S3-342447307,S2-107792556
S1-787461836	S2-95758126,S2-419987195,S2-4288004,S2-615445490,S2-69522069
S1-197280203	S2-316828613,S2-612039318,S2-674933838,S3-631146464,S3-982991317
S1-218107486	S2-896681409,S2-759808290,S2-449088274
S1-499785692	S2-198866483,S3-198667605
S1-143143410	S2-852154557,S3-472914593,S2-9380461,S3-923060750
S1-670774972	S3-504175153,S2-875959589,S3-149512927,S3-151430435
S1-547382550	S2-264562735,S2-734070520,S2-684458652
S1-881055954	S3-228952130,S2-320217049,S2-451836963
S1-914583493	S2-171844179,S3-234495560,S2-876348838
S1-399652471	S3-193263176,S2-945886881,S3-766139747
S1-406820024	S3-757624330,S2-350171086,S3-603844532,S3-569950948
S1-603512987	S3-12514443
S1-628264763	S2-797631580,S2-680138839,S3-914648689,S3-236268469
S1-990121956	S3-131084003,S3-651651448,S3-719193741,S2-523419701,S3-236505526
S1-220921987	S3-885817023,S2-79640559
S1-930793828	S3-560322215,S3-985227835,S3-338130652
S1-767699511	S2-444219280,S2-251733232,S2-212675246
S1-728529555	S3-929129965,S3-347333714,S2-173481395,S2-612182108,S3-698613145
S1-437062378	S3-19792769,S2-911837769,S3-433905111
S1-5308195	S2-617554427,S2-425232343,S2-573552785
S1-482094020	S3-344790750,S2-886732364,S3-939479439,S2-774943289
S1-26046875	S2-610674674,S2-691624059,S2-717024971,S3-136777283
S1-53078701	S3-811948056,S2-339990362,S2-587594416,S2-965145850
S1-100460794	S3-894151520,S3-518174802,S3-678065754
S1-165612846	S2-121832781,S3-555912590,S2-985373281
S1-995838881	S2-577492798,S3-45209319,S2-935603255
S1-593270583	S3-449703143,S3-92940992,S2-576527697,S2-497439041
S1-693931224	S3-580370096,S3-808078737,S2-908017855,S3-278934159
S1-767389281	S3-764556365,S2-98735607,S2-440861982,S2-942871766
S1-558861915	S3-15793099,S3-99630440,S2-659597793
S1-488514818	S3-105521106,S3-76986676,S2-152858124,S2-810281019
S1-912877974	S3-705646591,S3-966416166,S2-764991377,S3-974604565,S3-371239783
S1-74888542	S2-317987840,S3-741611748,S2-535890071
S1-573514563	S2-383939795,S2-958241582,S2-576366760
S1-154703303	S3-296470454,S3-19235628,S2-957708665
S1-725008002	S2-76003611,S3-83852341,S2-222333753
S1-988601275	S2-635009492,S2-639439015,S2-222307393,S2-511836140
S1-454834135	S2-380436113,S2-20730289,S3-540032972
S1-333055706	S2-79155393,S2-28561586,S2-452139129,S3-232682001,S3-637551957
S1-755032002	S3-256691047,S3-452392924,S2-930696317,S2-20384001,S2-839993267
S1-864612738	S3-183190002,S2-358887302,S3-505774139,S3-458618653
S1-937654476	S2-16364834,S2-892904835,S2-288734849,S3-479079042,S2-389987809
S1-367438678	S3-647253258,S2-2154615,S3-31965146
S1-191580834	S3-861690742,S3-279184894,S2-427008047,S3-369068507
S1-745780830	S2-690367498
S1-151657300	S3-377157946,S3-111128155,S2-664786786,S2-45059837,S3-829732393
S1-97932183	S2-486578924,S2-798421259,S2-141239302
S1-759949116	S3-975357554,S2-806615039
S1-447511049	S3-840963930,S2-369142009,S3-890593086
S1-45658342	S2-628853344,S2-503035868
S1-379683628	S3-975464589,S2-609117510
S1-633277570	S3-622540070,S2-963568436,S3-988676015
S1-438186667	S3-790194169,S2-574834186,S3-812929525,S2-914303097,S2-97918801
S1-440389225	S3-214928493,S2-600475856,S2-855737991,S2-694872433
S1-202654102	S2-533831365,S2-497691628,S2-140805801,S3-642780449
S1-312627881	S3-361932842,S3-624015547,S2-125731623,S3-46002316
S1-701625804	S2-440299790
S1-116213562	S3-35881556,S2-657011563,S3-631607322
S1-337070508	S3-724251745,S3-268999437,S3-910821223
S1-599296180	S3-311322447,S2-310178577
S1-735045054	S2-650741815,S3-398357527,S3-308013023,S3-765678155,S3-280550271,S2-919551582
S1-76365154	S3-20858544,S3-753354264,S3-703750137,S3-905480493
S1-201956901	
S1-904669751	S3-1169327,S3-891396763,S2-539617534
S1-207070582	S2-438188939,S3-348674588,S2-342320263
S1-717282539	S2-601751176,S3-97798947,S3-968521345
S1-321825889	S3-472276128,S2-608988827
S1-388507164	S3-394210380
S1-337021163	S2-128718377,S3-937552602
S1-575955656	S2-130439779,S3-786228359,S3-441357272,S2-449369644,S3-289588600,S3-598679571
S1-705677344	S2-565273859,S3-439529948,S3-385319773,S3-565619012
S1-493985363	S2-147488433,S3-532990981,S2-449584968
S1-307464396	S2-320169105,S2-391929553,S2-120020364,S3-878834656
S1-528548249	S3-741639308,S3-35744808,S2-88861489,S3-736774657
S1-232204608	S2-306107798,S2-609082659,S3-540561154
S1-290176575	S3-27986841,S3-678996625
S1-555917187	S3-174902435,S2-390254797,S2-919331424
S1-766239781	S3-766459838,S2-611998887
S1-927444151	S3-640088097,S2-658406547
